AddressID;AddressLine1;AddressLine2;City;PostalCode;rowguid;ModifiedDate
9;8713 Yosemite Ct.;;Bothell;98011;268AF621-76D7-4C78-9441-144FD139821A;01-07-2006
11;1318 Lasalle Street;;Bothell;98011;981B3303-ACA2-49C7-9A96-FB670785B269;01-04-2007
25;9178 Jumping St.;;Dallas;75201;C8DF3BD9-48F0-4654-A8DD-14A67A84D3C6;01-09-2006
28;9228 Via Del Sol;;Phoenix;85004;12AE5EE1-FC3E-468B-9B92-3B970B169774;01-09-2005
32;26910 Indela Road;;Montreal;H1Y 2H5;84A95F62-3AE8-4E7E-BBD5-5A6F00CD982D;01-08-2006
185;2681 Eagle Peak;;Bellevue;98004;7BCCF442-2268-46CC-8472-14C44C14E98C;01-09-2006
297;7943 Walnut Ave;;Renton;98055;52410DA4-2778-4B1D-A599-95746625CE6D;01-08-2006
445;6388 Lake City Way;;Burnaby;V5A 3A6;53572F25-9133-4A8B-A065-102FF35416EE;01-09-2006
446;52560 Free Street;;Toronto;M4B 1V7;801A1DFC-5125-486B-AA84-CCBD2EC57CA4;01-08-2005
447;22580 Free Street;;Toronto;M4B 1V7;88CEE379-DBB8-433B-B84E-A35E09435500;01-08-2006
448;2575 Bloor Street East;;Toronto;M4B 1V6;2DF6D0AD-0926-4F34-A450-9B1083150CBF;01-08-2007
449;Station E;;Chalk Riber;K0J 1J0;8B5A7729-CB75-4303-A607-7F9793B4D94F;01-08-2005
450;575 Rue St Amable;;Quebec;G1R;5F3C345A-6475-41D5-B17B-DB8D27733BB1;01-09-2006
451;2512-4th Ave Sw;;Calgary;T2P 2G8;49644F1E-6F90-46D9-8DBB-9DB15F0EF7EC;01-12-2006
452;55 Lakeshore Blvd East;;Toronto;M4B 1V6;A358652F-0E00-49E6-B6B0-DE1099C43506;01-09-2005
453;6333 Cote Vertu;;Montreal;H1Y 2H7;355681F2-4D9D-4522-BFA0-105BE64394D8;01-09-2007
454;3255 Front Street West;;Toronto;M4B 1V6;EF4DC57D-8B8B-4074-B5F0-ACBEF65DBEC1;01-08-2007
455;2550 Signet Drive;;Weston;M9V 4W3;43D582CF-E95F-4861-BA60-2DC7121410A6;01-08-2006
456;6777 Kingsway;;Burnaby;V5H 3Z7;2F3B383E-08A5-407D-AB1B-A1390E87A888;01-08-2006
457;5250-505 Burning St;;Vancouver;V7L 4J4;93F02C61-783D-4F04-8A57-416F25817ABA;01-07-2006
458;600 Slater Street;;Ottawa;K4B 1S2;49F4EE42-E20B-4E66-B43C-A28E9FC63CA0;01-07-2005
459;25575 The Queensway;;Etobicoke;M9W 3P3;616235EA-DC36-4C39-BF91-FFE12BB676E0;01-08-2005
460;2521 McPherson Street;;Markham;L3S 3K2;7D6F03AC-5D55-422E-850E-B8743FAC81B2;01-08-2007
461;2560 Bay Street;;Toronto;M4B 1V7;726819A8-1B02-4EFD-AEB9-3FD801D9F153;01-08-2006
462;630 University Avenue;;Toronto;M4B 1V7;27D5BDAD-647D-4A56-859A-BC6A82AF7DCD;01-08-2005
463;992 St Clair Ave East;;Toronto;M4B 1V7;D6ED51FA-6DD1-460C-99E0-64BA90F035AE;01-09-2005
464;99, Rue Saint-pierre;;Pnot-Rouge;J1E 2T7;C4A1EE36-8149-46B7-A313-A63010987A8E;01-07-2005
465;25245 Rue Sherbrooke Ouest;;Montreal;H1Y 2H5;10EE8C14-2792-4F02-B83D-92511D20470F;01-07-2007
466;655-4th Ave S.W.;;Calgary;T2P 2G8;09C5F0BA-7128-4455-832D-0DF587248A5A;01-08-2005
467;25900-700-9th Ave S.W.;;Calgary;T2P 2G8;13560188-CE4A-470D-9913-49903047D459;01-11-2005
468;Po Box 83270;;Vancouver;V7L 4J4;C00A5DFF-B134-4900-9561-E67EEB425F9F;01-08-2007
469;400-25155 West Pender St;;Vancouver;V7L 4J4;B81768F9-3B05-43DC-8DDE-85FFCA00D4DE;01-09-2007
470;2511 Baker Road;;Toronto;M4B 1V7;6E934D97-69B9-4FCF-9E4E-56BF94E52986;01-09-2005
471;770 Notre Datme Quest Bureau 800;;Montreal;H1Y 2H7;5EDA011D-31D1-4DFB-A78C-397B6335F85B;01-09-2005
472;250551 Shellbridge Way;;Richmond;V6B 3P7;1A6A1A7B-E208-473D-A8F4-14A89D06FAD2;01-09-2005
473;595 Burning Street;;Vancouver;V7L 4J4;0EC83A85-137E-4CF3-B13D-3926277698B2;01-09-2005
474;252345 8810th Avenue;;Surrey;V3T 4W3;447CA097-077D-4980-A431-8FAFAD156CED;01-09-2005
475;2512-410th Avenue S.W.;;Calgary;T2P 2G8;EC6C99B9-61E2-4400-8180-208F5A6C7EFF;01-09-2007
476;258 King Street East;;Toronto;M4B 1V7;90C770A5-A474-43D1-9A67-0F5DE336F9DC;01-08-2005
477;6th Floor Ferguson Block;;Toronto;M4B 1V7;39F3B067-2263-4591-ABF9-D5210DA4F783;01-08-2005
478;2545 King Street West;;Toronto;M4B 1V7;2817A0B7-8985-4527-BB7B-B75F55F4D8DE;01-08-2005
479;2550 Middlefield Road;;Scarborough;M1V 4M2;E60801BF-CFB3-4606-A738-8AA0EB587AFB;01-08-2005
480;25 First Canadian Place;;Toronto;M4B 1V5;07A009B2-1421-4597-AB85-22BCE3C82B2C;01-08-2005
481;65 Gamelin Street;;Hull;8Y;F35E73BA-678F-4A0F-80BC-6385A7A6CB24;01-08-2006
482;2500 University Avenue;;Toronto;M4B 1V5;197A1735-E89E-4F15-A5F7-FEB98B369094;01-07-2005
483;955 Green Valley Crescent;;Ottawa;K4B 1S1;C6B743C3-F830-43E4-BA58-DD36FC451D14;01-09-2007
484;2510 Crew Court;;Montreal;H1Y 2H8;1F41EDC1-7144-4D6B-9CBD-4318C2358FA1;01-06-2008
485;9900-6400 Boul, Taschereau;;Brossard;J4Z 1R4;7C46D2FC-E31E-402F-A093-4CF18F7F6E54;01-07-2006
486;600 Boul. Rene-levesque Ouest;;Montreal;H1Y 2H7;112049E4-64D5-4305-9545-933E89B74F6E;01-07-2006
487;9259 - 1110th Avenue Sw;;Calgary;T2P 2G8;275AC976-0D23-4D97-9F58-BB186D1CC089;01-09-2006
488;45259 Canada Way;;Burnaby;V5G 4S4;6D2D6846-3F17-474E-8D31-AD3A59C0CEB0;01-08-2007
489;9960 King Street E.;;Toronto;M4B 1V5;EB632E56-4299-4714-9E91-224319BDCB62;01-08-2007
490;9979 Bayview Drive;;Barrie;L4N;85D72A98-F631-457C-8FFF-04FAEC508F5D;01-08-2006
491;20225 Lansing Ave;;Montreal;H1Y 2H7;A9B5A261-2463-4489-9951-EACFA29A8231;01-09-2007
492;99954 Boul. Laurier, Local 060, Place;;Sainte-Foy;G1W;541CDE7C-3F3A-435F-A7B5-F30055DFBC68;01-09-2007
493;6th Floor 5250 Main Street;;Winnipeg;R3;AC0E73D8-FF0A-42BD-8502-E19EBAC7343F;01-09-2007
494;Box 99354 300 Union Street;;Saint John;E2P 1E3;21FF77A8-39DC-44D8-917C-FDD645DBF9EB;01-07-2006
495;Suite 800 2530 Slater Street;;Ottawa;K4B 1T7;C6633AD5-006D-4967-B97E-7919DD48A700;01-09-2006
496;Suite 500 995 W. 11th Avenue;;Mississauga;L5A 1H6;496C1AD3-2925-4322-8811-890AB6107F67;01-08-2007
497;#9900 2700 Production Way;;Burnaby;V5A 4X1;AA651B28-0A51-4084-8444-A70CC71BCE65;01-08-2005
498;25537 Hillside Avenue;;Victoria;V8V;385C24E0-E20C-40C9-BAC9-95D70D5B6900;01-08-2005
499;Suite 2502 410 Albert Street;;Waterloo;N2V;44099B0E-03F3-447C-83BF-BE4BAA010A83;01-08-2006
500;5700 Explorer Drive;;Mississauga;L4W 5J3;F6FED7FA-39D9-4A60-A1F5-1622489E55FD;01-08-2005
501;965 De La Gauchetiere West;;Montreal;H1Y 2H8;ACB9C033-18C6-4F02-975E-9C5226B96B72;01-08-2005
502;No. 25400 10665 Jasper Avenue;;Edmonton;T5;51180CA2-6614-46A5-B89C-EF7B0421C847;01-08-2006
503;P.O. Box 44000;;Winnipeg;R3;C4F3E274-13E1-4A99-8FD3-2C7D3D1EE5A1;01-08-2005
504;Suite 99320 255 - 510th Avenue S.W.;;Calgary;T2P 2G8;CFF7437F-6830-4797-875B-D9A54EA38975;01-08-2005
505;6400, 888 - 3rd Avenue;;Calgary;T2P 2G8;A6EFF2B6-3B11-47EF-AB7E-701E5041C71C;01-08-2005
506;255117 - 101 Avenue;;Surrey;V3T 4W3;22895B47-6086-4550-B437-A75DBEDFE1D9;01-08-2005
507;975 Princess Street;;Kingston;7L;D7849F5F-C042-4FCE-8F6B-BA5CD8708E10;01-09-2007
508;2900 - 25055 Dunning Street;;Vancouver;V7L 4J4;4EE0334F-027C-4036-880F-6E9104E21533;01-12-2006
509;Suite 25800 3401 - 10810th Avenue;;Surrey;V3T 4W3;28C52717-7117-41B6-A5C7-FDA60D566163;01-08-2005
510;750 Philip Street;;Waterloo;N2V;F2B96299-187A-4E52-96DE-FE9D1C8AB33F;01-11-2005
511;Bureau 9900 825, Avenue Querbes;;Outremont;H1Y 2G5;EF10CF20-A540-4D5C-BEFD-1B48B7D48402;01-12-2006
512;700 Bureau Road;;Montreal;H1Y 2H7;963F514B-7752-46E8-9742-1FD40A68EA33;01-09-2007
513;253711 Mayfield Place, Unit 150;;Richmond;V6B 3P7;C418C2F4-6B32-4404-AAB1-E0BEC3958C11;01-09-2007
514;63 West Beaver Creek;;Richmond Hill;L4E 3M5;AD60DBA9-3B01-47E9-BB5E-DF94D0579F14;01-09-2006
515;9900 Ronson Drive;;Etobicoke;M9W 3P3;42242712-6DD2-423F-9B89-C953454E3B09;01-07-2006
516;251 Indell Lane;;Brampton;L6W 2T7;A1F36994-B5B3-4646-87EA-692A513395EA;01-08-2006
517;2573 Dufferin Street;;Toronto;M4B 1V5;97605C5C-8309-44F2-9A98-C5A5709497FF;01-07-2005
518;995 Crescent;;Richmond Hill;L4E 3M5;0B49022D-8B49-4CF6-B0A3-46231CD48441;01-09-2007
519;2500-622 5th Ave Sw;;Calgary;T2P 2G8;13754965-6A09-4343-968C-8699C27FDFAA;01-08-2006
520;6700 Boul Taschereau;;Brossard;J4Z 1C5;B730EAFF-5828-4C8C-86C1-9137F50FCA48;01-09-2005
521;55 Standish Court;;Mississauga;L5B 3V4;97C329E2-FA67-4478-AA7B-78A8DEECF7CA;01-09-2006
522;43251 Viking Way, Unit 130;;Richmond;V6B 3P7;842BCBE5-9DA5-42D5-A4BB-4197DB5B69C7;01-02-2007
523;46990 Viking Way;;Richmond;V6B 3P7;85C88CD6-682C-4358-9F8C-5A24F4CCFD98;01-08-2005
524;9693 Louis H Lafontaine;;Ville De'anjou;J1G 2R3;ACC21BD9-FB1B-4764-941B-2FB98AA4EB27;01-08-2006
525;69251 Creditview Road;;Mississauga;L5B 3V4;2CA11975-213A-46FB-A0BE-2529003074CC;01-07-2005
526;251420a 170th Street;;Edmonton;T5;476D80AE-69A0-480D-9DF3-8FD0C1095A21;01-07-2006
527;252851 Rowan Place;;Richmond;V6B 3P7;11EAEE50-8A14-4B81-951E-86701B6F60C0;01-09-2006
528;5990 Avebury Road;;Mississauga;L5B 3V4;D9928CCC-FC35-435A-8A0F-6887813E0E06;01-09-2005
529;254480 River Rd;;Richmond;V6B 3P7;034076FD-CD0E-4EAD-864E-8CE7F47D6612;01-07-2005
530;Suite #9902;;North York;M4C 4K6;FE36E0C8-AD8A-4D2C-BC53-5D69BE5A9CE7;01-07-2005
531;5th Floor, 79 Place D'armes;;Kingston;7L;F6FB5F79-C5FA-4A7C-8D75-6E9243360308;01-11-2006
532;#500-75 O'Connor Street;;Ottawa;K4B 1S2;1B58B9BC-A691-4927-BF17-569E4BE822F3;01-12-2005
533;4400 March Road;;Kanata;K2L 1H5;43484CD9-AD5B-41F4-A9CC-DDFBAC4B5AA5;01-11-2005
534;Depot 80;;Sillery;G1T;3178440D-5C3A-48F2-AF6B-0A607774E265;01-08-2005
535;250 Kingsbridge Garden Circle;;Mississauga;L5B 3V4;9771494E-9053-40F2-84A5-E0D108DEEFED;01-11-2005
536;No. 2000-25080 Beaver Hall Hill;;Quebec;G1R;0C38C439-4562-4E37-8F23-AFF2C9005C38;01-09-2006
537;No. 25800-130 King Street West;;Toronto;M4B 1V5;C2BCDAEC-366C-489C-BF43-8CC2881179F3;01-09-2005
538;25 Danger Street West;Floor 7;Toronto;M4B 1V5;10B2404C-F0AF-409C-AF5D-0218BEB03D0D;01-08-2007
539;6th Floor, 25st Canadian Place;;Toronto;M4B 1V5;D51784C0-CC77-48C2-8FA6-75405F3E35B9;01-08-2005
540;254 Colonnade Road;;Nepean;K2J 2W5;1C97F465-F2AF-4D34-BE8C-7AFDAD119425;01-08-2005
541;25981 College Street;;Montreal;H1Y 2H5;AF56D631-EB1C-4716-A89B-88BC4AE04B93;01-08-2006
542;5 place Ville-Marie;;Montreal;H1Y 2H7;B242B256-254B-4624-B3AF-BF0058BB0B7B;01-09-2006
543;6030 Conroy Road;;Ottawa;K4B 1S3;AA8F3ECB-C454-448B-B774-FF9CDF01E629;01-09-2006
544;30025 Wayburne Drive, Suite 275;;Burnaby;V5G 4W1;4C65A591-C6B0-43D8-8FAF-F4B1CB9953E1;01-09-2005
545;999 West Georgia St.;;Vancouver;V5T 1Y9;9D35F3C2-966E-4B3B-8D29-0E6AB8DEF01B;01-09-2006
546;250333 Southport Road, S.W.;;Calgary;T2P 2G8;11D29E3F-D9B2-4E24-AC01-EEBA72DA4DDF;01-08-2007
547;7000 Victoria Park Avenue;;Toronto;M4B 1V4;28125EC3-FDC2-45D8-93B3-CD7DB2113424;01-09-2007
548;63 Free St.;;Toronto;M4B 1V4;5649C5D8-1798-4622-95BF-DC7E581284A0;01-09-2005
549;609 Evans Avenue;;Toronto;M4B 1V4;DCF9C9B5-A7B6-4383-9480-1F84130B5F8B;01-09-2006
550;2520 Flanders Road;;Toronto;M4B 1V4;A1D478E6-76DA-445F-A924-0B5DEE3C7CBB;01-08-2006
551;32605 West 252 Mile Road, Suite 250;;Aurora;L4G 7N6;E7567A62-3ACF-4F0B-B202-E28B92DE689A;01-09-2006
552;25730, boul. St-R�gis;;Dorval;H9P 1H1;6832A3BD-56EC-42FE-8B4C-6BFD09F89EB4;01-06-2008
553;253131 Lake Frasier Drive, Office No. 2;;Calgary;T2P 2G8;EF7B5BD3-3A04-4A09-A0D2-02B98E3333DC;01-08-2005
554;9984 Wellington Street;;Ottawa;K4B 1S2;6E0797C9-FD43-418F-A5FE-8683292B95FE;01-08-2006
555;9950 Ferrand Drive, 9th Floor;;Toronto;M4B 1V4;32890831-931E-44AD-801B-41B1AD862ECA;01-09-2005
556;990th Floor 700 De La GauchetiSre Ou;;Montreal;H1Y 2H3;87846D7C-AB01-41C6-A4CC-FAD06D74D11B;01-07-2005
557;660 Saint-Jacques, Bureau 400;;Montreal;H1Y 2H8;DCE88C1F-8BFE-4306-BA02-50446466C5E5;01-09-2006
558;67255 - 8th Street N.E., Suite 350;;Calgary;T2P 2G8;DA596ABB-B3AF-48EC-A082-9E94CD870A5F;01-12-2006
559;12345 Sterling Avenue;;Irving;75061;0D39391C-A319-486B-AC9E-5863795D6675;01-09-2005
560;800 Interchange Blvd.;Suite 2501;Austin;78701;5790365C-DA3C-43BC-93D3-99104C038B71;01-07-2006
561;90025 Sterling St;;Irving;75061;C1CA3287-F642-44DA-BBA1-8AB47E1907DD;01-09-2006
562;2505 Gateway Drive;;North Sioux City;57049;57A5E455-526C-402A-BC5D-EE613BF58372;01-08-2005
563;74400 France Avenue South;;Edina;55436;A1841D05-CABD-4453-96E4-9B1E95CA2BC2;01-09-2006
564;509 Nafta Boulevard;;Laredo;78040;F9A8A87A-152F-4204-B5D2-DBCB8DA1C13B;01-08-2005
565;25149 Howard Dr;;West Chicago;60185;F4915606-499D-477D-8309-E8F92E9D8FE3;01-09-2005
566;63 W Monroe;;Chicago;60610;61113716-53E4-4FAA-A5A2-247B03F0F9C6;01-11-2005
567;Corporate Office;;Garland;75040;10CC0938-B0AF-42E0-9176-564321C68787;01-09-2005
568;25269 N. Wood Dale Rd;;Wood Dale;60191;E863927D-49FB-47AB-9CA6-A5F36D082B66;01-09-2005
569;Sapp Road West;;Round Rock;78664;B7EA2783-866E-4AD9-945C-914B674AD2CD;01-09-2005
570;52500 Liberty Way;;Fort Worth;76102;F5A1147F-761F-4577-BB48-BBEF73B4A27F;01-07-2006
571;25550 Executive Dr;;Elgin;60120;8CAF52B2-D3E2-4A5F-A704-874768007F38;01-12-2005
572;P.O. Box 6256916;;Dallas;75201;206E0FF7-E120-4845-ACB4-A4443EBF6429;01-09-2007
573;25269 Wood Dale Rd.;;Wood Dale;60191;E4C1153E-6C1A-45DF-ADDB-80FAC429FA3F;01-11-2005
574;Po Box 8259024;;Dallas;75201;9794B438-2E91-4699-85DF-5FCF98210AC1;01-09-2006
575;42500 W 76th St;;Chicago;60610;CD335652-0913-40EA-9AE0-323066FC04F0;01-09-2006
576;4255 East Lies Road;;Carol Stream;60188;C1A9793E-50B5-431C-82DD-8B36ACC9AC4E;01-11-2005
577;2500 North Stemmons Freeway;;Dallas;75201;C91ED16C-4407-4EED-A241-C8327E5E50C2;01-09-2006
578;220 Mercy Drive;;Garland;75040;791E9C8D-6C3A-4CFD-9F0A-C4A99424C268;01-07-2005
579;25 N State St;;Chicago;60610;02D95901-41C1-4479-A04F-9FFB5A2675E3;01-07-2006
580;2509 W. Frankford;;Carrollton;75006;A0DBC338-CF0E-4962-9FBF-63220AECA66E;01-07-2006
581;Po Box 8035996;;Dallas;75201;CC8321BA-C938-4765-8175-9126D432957F;01-09-2007
582;5700 Legacy Dr;;Plano;75074;08EBF5A9-2171-433E-85B8-56FFF949D041;01-09-2007
583;625 W Jackson Blvd. Unit 2502;;Chicago;60610;A35C7AC7-5AE8-43D9-92E7-180D78A9A7B8;01-03-2007
584;250880 Baur Blvd;;Saint Louis;63103;ED1EE7DA-5087-4E7A-B019-7782742BC451;01-07-2007
585;Noah Lane;;Chicago;60610;E9408FBB-1C28-4923-9D85-2DFADB3B4B6B;01-08-2006
586;6030 Robinson Road;;Jefferson City;65101;35B2FB0C-60EA-48F2-814A-F6813242858E;01-09-2005
587;25500 Old Spanish Trail;;Houston;77003;9A71E3C4-CAEA-4C5C-A146-5B85A513D82F;01-08-2005
588;99828 Routh Street, Suite 825;;Dallas;75201;180F5A76-930D-4B70-9D70-7AA3E49BB71E;01-08-2005
589;One Dancing, Rr No. 25;Box 8033;Round Rock;78664;A514F151-6B2D-452C-A983-D68AED9E112E;01-09-2005
590;9995 West Central Entrance;;Duluth;55802;86553E06-3BF8-4C21-8E40-AE95309C4B3E;01-07-2006
591;48255 I-10 E. @ Eastpoint Blvd.;;Baytown;77520;8D604CA1-2F01-46C1-9041-39915144B446;01-09-2006
592;9903 Highway 6 South;;Houston;77003;CE585616-C47C-4BD4-8D71-1755B6417770;01-07-2005
593;2345 North Freeway;;Houston;77003;74E5959F-4C5F-4BDA-ABCF-429762E1670D;01-08-2005
594;123 W. Lake Ave.;;Peoria;61606;C9F2B21E-3EDB-4315-AA03-8ADDE7D8A598;01-08-2006
595;660 Lindbergh;;Saint Louis;63103;012D17BA-C426-40C2-A9FD-85093E2CEB8A;01-09-2006
596;72540 Blanco Rd.;;San Antonio;78204;5EC50E4C-3026-4BD5-9A15-00776AD22EEC;01-08-2005
597;99450 Highway 59 North;;Humble;77338;3BD8466E-2A52-4661-8460-50736409EE8A;01-08-2006
598;455 256th St.;;Moline;61265;FBEDD917-C269-4E36-A791-58B35F34B107;01-08-2005
599;70 N.W. Plaza;;Saint Ann;63074;4735A716-33C4-4366-BCC0-410BCEEF3E2C;01-08-2007
600;25095 W. Florissant;;Ferguson;63135;1A51283C-12BB-462E-A1B8-A0039C18E6D8;01-08-2005
601;6996 South Lindbergh;;Saint Louis;63103;A8F4D544-A137-4775-B6C9-7C85A12A4DDC;01-08-2006
602;6425 Nw Loop 410;;San Antonio;78204;6241806C-C9CC-46AA-A91F-B663C7E0C8BB;01-09-2006
603;9500b E. Central Texas Expressway;;Killeen;76541;0E6E9E86-A637-4FD5-A945-AC342BFD715B;01-08-2007
604;1200 First Ave.;;Joliet;60433;79972B72-7D84-4A33-AE27-44A5EFAEF39D;01-09-2007
605;7760 N. Pan Am Expwy;;San Antonio;78204;6C3DA38C-887D-410C-B022-8F2BF2DB3339;01-09-2005
606;99433 S. Greenbay Rd.;;Racine;53182;48F98B9B-CF62-4A87-95E8-44DA6AAC6F97;01-09-2005
607;25220 Airline Road;;Corpus Christi;78404;6E7FE435-895A-4E65-913B-2AD21CF4CE6D;01-08-2006
608;25306 Harvey Rd.;;College Station;77840;49D7554E-852F-4D68-81B5-44C7A615F117;01-08-2006
609;3900 S. 997th St.;;Milwaukee;53202;7394624A-5CA8-4ADC-923C-235D971514B8;01-09-2005
610;44025 W. Empire;;Denby;57716;8AFB400F-1FE5-460D-BC56-4A7BF801B41B;01-09-2007
611;23025 S.W. Military Rd.;;San Antonio;78204;76ED2669-D8A8-4468-943D-7319A9B18FE3;01-08-2005
612;Ring Plaza;;Norridge;60706;60AB96A4-26F6-439C-9F32-238BD16B293F;01-09-2006
613;Lakeline Mall;;Cedar Park;78613;D26F02D6-326A-4088-B9EE-D441DFDFA1DF;01-09-2006
614;Town East Center;;Mesquite;75149;7BA1AF96-5A8E-4259-835C-DA67DB296A5E;01-09-2006
615;Fountains On The Lake;;Stafford;77477;BC2D6156-BCF7-47F7-A409-31122653F701;01-07-2005
616;Southwest Outlet;;Hillsboro;76645;47F987F7-44FF-4372-AAF5-4CC7B7F64216;01-07-2005
617;Johnson Creek;;Johnson Creek;53038;ACA53503-0920-446D-9C54-B83D7949D019;01-06-2007
618;Blue Ridge Mall;;Kansas City;64106;8612FBAD-3CE1-435B-BE0B-5A48DDBD2B62;01-12-2006
619;First Colony Mall;;Sugar Land;77478;DA205E92-2867-48A9-BF18-4558A31272AE;01-12-2005
620;Horizon Outlet;;Woodbury;55125;70080B27-59BD-4BA1-84D2-68204B304D70;01-09-2005
621;Tanger Factory;;Branch;55056;75D18DB1-C9EF-4DAD-BBD2-697FF73FAF6C;01-09-2005
622;Management Mall;;San Antonio;78204;E82D1276-E19A-4FAD-90F5-7E19AF94EA64;01-03-2006
623;Ohms Road;;Houston;77003;D4688E5C-2D2D-4925-B58A-356C117728D8;01-07-2007
624;Factory Merchants;;Branson;65616;DC707744-912B-4E7A-945A-1B959168DC94;01-02-2007
625;Cedar Creek Stores;;Mosinee;54455;2E6E124E-BB43-4D40-8515-82DDA7994BD4;01-08-2007
626;Lone Star Factory;;La Marque;77568;5F33B654-E091-4B2F-B5BD-AC5AC6D47EE6;01-08-2007
627;Sports Stores @ Tuscola;;Tuscola;61953;808EFDC0-EA1B-437D-88C0-A3B6A8864B7F;01-07-2006
628;City Center;;Minneapolis;55402;B80975D1-AB6E-42F1-B328-5DB1D445E2C9;01-08-2005
629;St. Louis Marketplace;;Saint Louis;63103;163FDE0A-2148-44BC-9FC1-A7390650127C;01-07-2005
630;Lincoln Square;;Arlington;76010;734DE48F-7F95-4386-986E-F8AB86C194A0;01-09-2005
631;Kansas City Factory Outlet;;Odessa;64076;BCD46B97-395D-4EEF-A712-245BA629621F;01-07-2005
632;Fiesta Trail Shopping Center;;San Antonio;78204;F79532D7-38E9-42EC-8EA4-C9D7E1C13C12;01-07-2005
633;Medford Outlet Center;;Medford;55049;7CDA3069-3B49-4205-B853-40744D7D875F;01-08-2006
634;Ward Parkway Center;;Kansas City;64106;3F2AA425-7D02-461A-A9C4-222AE41E3FE5;01-09-2006
635;93-2501, Blackfriars Road,;;London;SE1 8HL;00E75F99-488C-462D-A0BC-AC3C08A9DB77;01-09-2006
636;Science Park South, Birchwood;Stanford House;Warrington;WA3 7BH;C0FC2D5B-88E7-4B60-8447-BB3522BD79E5;01-07-2007
637;Phoenix Way, Cirencester;;Gloucestershire;GL7 1RY;10A3D496-881E-4042-BBD0-5802CF73A872;01-09-2007
638;255 Irving Street;;London;C2H 7AU;D8A77424-94AE-43AB-A011-1A9EBB3852E7;01-08-2007
639;Garamonde Drive, Wymbush;PO Box 4023;Milton Keynes;MK8 8ZD;8F34CEDD-FB6E-4814-B509-9965A31BC2E5;01-09-2007
640;251 The Metro Center;;Wokingham;RG41 1QW;0E4AC5BB-BE0D-4A96-A58E-064DAEC08E1A;01-09-2007
641;Bradford;;W. York;BD1 4SJ;F7B99541-1CE1-4AB6-AE0D-548E8FF4ABCD;01-08-2006
642;Galashiels;;Liverpool;L4 4HB;3593CDF3-38EC-4847-AD42-157220E68F32;01-09-2007
643;Banbury;;Oxon;OX16 8RS;99FF4C64-B405-4AC1-85ED-49E4E60EF87F;01-09-2006
644;Bradford;Raven House, Kingsgate;W. York;BD1 4SJ;65684E2E-D39C-4EF7-80D8-86C2F576C3C2;01-08-2007
645;Garamonde Drive, Wymbush;P.O. Box 803;Milton Keynes;MK8 8ZD;6EF999E7-5510-4B02-B89E-DDCF51AE3864;01-07-2007
646;Butterfield Hse, 7-251 Chapel St;;Lancaster;LA1 1LN;BCE1F4B3-A9C0-413E-AC8D-4C07A960E26C;01-08-2006
647;Wade Road;;Basingstoke Hants;RG24 8PL;578C2529-F11C-4BF3-8084-6B505461E1CC;01-07-2007
648;586 Fulham Road,;;London;SW6 SBY;0DA65673-2A35-4E6A-A607-A6CC2D134EA8;01-08-2007
649;Knaves Beech Ind.;;High Wycombe;HP10 9QY;11FCFF74-5C80-4B37-A842-45C765D96029;01-09-2007
650;Elmhurst Road, Goring;;Reading;RG7 5H7;E4C0C239-182F-45B7-A6BB-B7E142FF0657;01-07-2006
651;New Millhouse, 2583 Milton Park;;Abingdon;OX14 4SE;E844B847-B0B3-491D-A4F1-0B78F56E4424;01-09-2007
652;Wymbush;;Milton Keynes;MK8 8DF;54E20963-B0E9-41CF-AB7E-D50459A3325C;01-09-2006
653;Burgess Hill;Edward Way;West Sussex;RH15 9UD;38CC8647-B4BB-4669-B21D-C7497E76478D;01-09-2006
654;308-3250 Casting Road;;York;Y024 1GF;9D67C322-8698-440A-8F3E-5E1E30EDBD0D;01-08-2007
655;Wharfdale Road;;Berkshire;RG11 5TP;D0E03FCB-116E-4AD2-8B17-5C2F9FD3E8B0;01-08-2006
656;7 Pioneer Business Park;;York;Y03 4TN;48865E15-033A-40FF-8327-18723D4A8846;01-08-2007
657;Unit 99a Battery Retail Pk;;Birmingham;B29 6SL;371A70E0-5802-4DF9-BB28-5B6BDF202283;01-08-2006
658;Ellesfield Ave;;Bracknell;RG12 8TB;BC28152F-8005-4C0E-98FF-51BF77A4A667;01-08-2006
659;Warrington Ldc Unit 25/2;;Woolston;WA1 4SY;F44A7D0D-9BC5-427E-B3AE-F638DD5804B0;01-09-2007
660;6 The Farm, Liberty Road;;Maidenhead;SL67RJ;E22D616B-EA06-48E9-A00F-B1C4BB02F595;01-09-2007
661;725a The Arches;;Berks;SL4 1RH;38F5F598-E9BB-499C-B90D-088B2CD1B5BD;01-08-2006
662;Paramount House;;London;W1N 9FA;E50D1077-D135-41CC-A0B1-C53395F94541;01-09-2006
663;2524 Barlby Road;;London;W10 6BL;D8E96EBA-258C-4F6C-83BB-4CCB2235BBF7;01-08-2007
664;99-3 Forest Works;;London;E17 6JF;EB46AF5A-EC2B-41FF-914E-DDAE8EC1F476;01-07-2006
665;46-44 Albemarle Street;;London;W1X3SE;1B01B172-96CE-4601-AD19-F545DCDFD62F;01-08-2007
666;399 Clearing Green;;London;EC1R 0DU;BAB4B0A1-055A-4581-A93F-E00C65C54FB6;01-08-2006
667;997b Tradescant Road;;London;SW8 1XD;0A318015-4FBE-479A-B2DA-EEE21DF430AF;01-08-2006
668;2574 Milton Park;;Oxford;OX14 4SE;62D0C689-CF44-4AB3-9C3E-6142F4E0101C;01-08-2007
669;Internet House, 3399 Science Park;;Cambridge;CB4 4BZ;56BAEC2A-5CC5-4A90-BEF9-EE57E82F2E69;01-12-2006
670;7 Garden House Cloisters, 8 Batters;;London;SW8 4BG;333DAFF8-F22F-488C-928C-E6ECCF65452B;01-07-2006
671;25 Hartfield Road, Wimbledon;;London;SW19 3RU;00FD96BC-6EE6-4D2C-A88C-07BC1CAE6EFE;01-02-2008
672;99 Dean Street, Soho;;London;W1V 5RN;ECEBD4B1-11C3-4681-A6DA-2F73148FB63E;01-09-2006
673;Park House-4th Floor, 2516 Park St.;;London;W1Y 3RA;2506679E-041B-4D52-B9A9-07A0D5E88EEA;01-08-2006
674;67 Vincent Square, Victoria;;London;SW1P 2NU;1A398C1B-2085-4F6D-A6EB-56493855C5D1;01-09-2007
756;855 East Main Avenue;;Zeeland;49464;7CC420B7-B43C-4E40-98ED-6C10CEC91C54;01-08-2005
774;9920 North Telegraph Rd.;;Pontiac;48342;7BC77B2E-ED84-443A-BD50-F67718DEA95D;01-09-2005
775;46460 West Oaks Drive;;Novi;48375;D0614A62-08E0-4F83-AC72-51F58170B653;01-09-2006
776;997000 Telegraph Rd.;;Southfield;48034;F0159341-8CDB-4587-BC74-95FFB9E7D662;01-11-2005
785;399700 John R. Rd.;;Madison Heights;48071;7B234147-CD95-45E8-A1D5-711FE6A33DAC;01-08-2005
786;6789 Warren Road;;Westland;48185;90B0CF86-70E1-45D8-B6FD-0E1804A734C2;01-12-2006
788;2533 Eureka Rd.;;Southgate;48195;7EF698FA-908E-42BB-8A2D-C62F5106323A;01-09-2006
789;250000 Eight Mile Road;;Detroit;48226;66255753-B1B9-49C0-AB1D-1DE8217D5142;01-08-2006
794;998 Forest Road;;Saginaw;48601;01094C1B-2D79-402D-8106-9E80FBD57DC8;01-08-2007
795;99800 Tittabawasee Rd.;;Saginaw;48601;34D6D2D5-FEEC-40B8-97B5-CCEB89164305;01-08-2006
797;678 Eastman Ave.;;Midland;48640;986DE66F-74E6-4830-A2AD-9212EFB77B76;01-09-2006
801;Horizon Outlet Center;;Holland;49423;DC15BA52-B66C-4C5F-BDAF-1713E8C54B46;01-07-2005
806;Horizon Outlet Center;;Monroe;98272;A986C31B-4B63-4925-AAFD-B95260D5D586;01-08-2006
810;Redford Plaza;;Redford;48239;43E988F4-B82D-4424-A59F-43DD81F9016B;01-07-2005
825;Port Huron;;Port Huron;48060;A1CADF47-C018-40CC-8381-6CC940DE46C8;01-10-2005
826;Kensington Valley Shops;;Howell;48843;C2D04D48-EF2B-4349-877B-EA6DF9895079;01-07-2006
832;2251 Elliot Avenue;;Seattle;98104;6D6A8E1A-FFD8-4D2D-A70D-88467049A880;01-08-2005
833;3207 S Grady Way;;Renton;98055;4E670A74-8ACE-44C8-91ED-76CBA7190BC2;01-08-2006
834;99300 223rd Southeast;;Bothell;98011;D505AEA8-B89A-41ED-90A9-44D4179EFF77;01-04-2007
835;259826 Russell Rd. South;;Kent;98031;5D3832B3-72DD-4A9B-A596-8293D4037C18;01-09-2005
836;35525-9th Street Sw;;Puyallup;98371;77232D41-48BB-4C8D-8323-5581753E9531;01-09-2006
837;640 South 994th St. W.;;Billings;59101;4E75AD15-557E-4C4D-9AEB-68A9718B412A;01-09-2007
838;25300 Biddle Road;;Medford;97504;349CBAB0-E4E3-40B2-AC50-3EA087110F8B;01-09-2007
839;Gateway;;Portland;97205;3A56B180-70CD-42FE-A19C-F62B5037AA3A;01-08-2006
840;Great Northwestern;;North Bend;98045;1EF6E60F-3582-4298-A7AD-195BE59BA7B7;01-08-2005
841;Washington Square;;Portland;97205;7B5AE329-FB7C-4A2C-B33C-827920ACACDC;01-11-2005
842;258101 Nw Evergreen Parkway;;Beaverton;97005;EB5A214A-15A1-4E25-B405-DC0EF9907874;01-09-2005
843;253950 N.E. 178th Place;;Woodinville;98072;E75A2222-D636-4494-A314-2125EE2336F8;01-09-2005
844;755 Nw Grandstand;;Issaquah;98027;0E8578F8-21F7-482D-8DD8-8AA52F68F70A;01-09-2007
845;22571 South 2500 East;;Idaho Falls;83402;1E5743C8-B8F7-4A65-B812-0302FFCB9D0E;01-07-2007
846;257700 Ne 76th Street;;Redmond;98052;E606AD23-F6D4-4AA5-B177-7D03D62B0187;01-08-2006
847;25102 Springwater;;Wenatchee;98801;F84F402F-9BD5-432E-A1D6-F284A6DFFA29;01-06-2006
848;Bldg. 9n/99298;;Redmond;98052;F8EF420D-B3C8-48B1-A237-4A7D2DAD987E;01-08-2005
849;4251 First Avenue;;Seattle;98104;A077368B-26BF-41B7-B35F-FC380092E6B9;01-07-2005
850;558 S 6th St;;Klamath Falls;97601;329894AB-0142-4D9B-9851-2DA2F6DC95E3;01-09-2007
851;994 Sw Cherry Park Rd;;Troutdale;97060;FCDE15FF-85D3-4136-9FB6-EA493F39605E;01-08-2005
852;25718 Se Sunnyside Rd;;Clackamas;97015-6403;E85AC59F-59B6-4ED2-9436-FCDB78959B80;01-08-2007
853;567 Sw Mcloughlin Blvd;;Milwaukie;97222;055B060A-7DA2-455C-BCB3-A8DCEA4C5156;01-09-2007
854;490 Ne 4th St;;Renton;98055;471190D7-86C1-48CD-985A-7046B1B89C3C;01-08-2007
855;15 East Main;;Port Orchard;98366;09926325-7F83-427B-83D6-817DF7D70CE9;01-07-2005
856;3025 E Waterway Blvd;;Shelton;98584;779D4F7D-C90C-4A8A-BF29-41613E8907EF;01-11-2006
857;7990 Ocean Beach Hwy.;;Longview;98632;873D03B3-E2EF-4B8B-ADD8-F237FDC7FE31;01-08-2005
858;2345 West Spencer Road;;Lynnwood;98036;68AEB59D-0F79-4A0D-92EF-4D0C2BEB5821;01-09-2006
859;1050 Oak Street;;Seattle;98104;8CAAF6BE-9C88-466D-862C-AE7673E3D0F0;01-08-2006
860;4927 S Meridian Ave Ste D;;Puyallup;98371;FF2BE5E9-7D22-4C1C-ACF8-199148E957AB;01-07-2006
861;25915 140th Ave Ne;;Bellevue;98004;0D46F203-CDB6-4495-83F5-A97FF0CEC174;01-09-2006
862;3307 Evergreen Blvd;Ste 1071;Washougal;98671;0C81CBD2-96D3-40C1-97D4-056D776B7676;01-11-2005
863;2507 Pacific Ave S;;Tacoma;98403;FBAC273F-934E-474F-9CCB-F96CA9AE889D;01-09-2005
864;67 Rainer Ave S;;Renton;98055;A2FC2F01-C6BE-4AF4-B718-2A86EB782E5F;01-08-2005
865;750 Lakeway Dr;;Bellingham;98225;243020EC-84C3-417A-B34D-F7760FF130D1;01-07-2006
866;2528 Meridian E;;Puyallup;98371;5668E02C-16FA-4331-8603-29EE11417843;01-08-2007
867;48995 Evergreen Wy.;;Everett;98201;6CD4E374-0EF8-4CEE-AC60-9DBF1F4E0007;01-09-2007
868;25111 228th St Sw;;Bothell;98011;40100C97-5097-43BE-9F44-ABD881220E8F;01-07-2006
869;2583 Se 272nd St;;Kent;98031;E13C4F18-990A-4B7D-9FC9-AFD0EA943B13;01-08-2005
870;409 S. Main Ste. 25;;Ellensburg;98926;955E88EA-083D-446E-A856-42CB0692826A;01-08-2006
871;2502 Evergreen Ste E;;Everett;98201;3AE9003F-F806-41AD-98A5-3C4A86514BC3;01-07-2005
872;755 W Washington Ave Ste D;;Sequim;98382;932514A1-04E4-4E95-B97C-0AD4C06B890E;01-08-2007
873;44606 N Division St;;Spokane;99202;3438AFB3-390C-48D5-8CCF-5438278D981D;01-08-2007
874;2550 Ne Sandy Blvd;;Portland;97205;14D5DDE7-C771-4819-9FF1-A4FAA66F0E7A;01-09-2006
875;2540 Dell Range Blvd;;Cheyenne;82001;3AC8958A-76EE-41CA-8A88-2B783EA18ACC;01-07-2006
876;765 Delridge Way Sw;;Seattle;98104;CB1392F5-FCB9-4CF5-B4C9-33FAFB876C3D;01-07-2005
877;4781 Highway 95;;Sandpoint;83864;49F0B458-40CD-4852-A936-8576070FCB96;01-07-2006
878;4210 E Sprague Ave;;Spokane;99202;7C04CF1B-AD79-44D4-9611-381B2F094F96;01-07-2006
879;Valley Mall;;Union Gap;98903;860CB49B-5774-441F-B8C5-753CA50FA5E1;01-07-2006
880;S Sound Ctr Suite 25300;;Lacey;98503;3A400497-1000-4D9F-BB8D-D9CBF00C2822;01-08-2005
881;Southgate Mall;;Missoula;59801;3DED7F59-79A9-4034-98F9-F2A0B045D7AE;01-10-2006
882;Medford;;Medford;97504;DBC16BDD-C86D-4D5F-91F5-79FA000716FB;01-07-2007
883;Heritage Mall;;Albany;97321;CF9C1921-D741-4576-9D32-849E62D57698;01-07-2007
884;Lewis County Mall;;Chehalis;98532;2F91410B-2988-4E8F-BF01-8009C2F9ABBA;01-08-2005
885;755 Columbia Ctr Blvd;;Kennewick;99337;F3B58620-4857-44A0-9C48-51F21C1CA0C8;01-09-2007
886;Lancaster Mall;;Salem;97301;3513C4CD-96AF-4E5F-B3FF-32D268FB5F54;01-08-2006
887;Lewiston Mall;;Lewiston;83501;4DDBACC9-7898-403E-856A-128E34245424;01-09-2006
888;Three Rivers Mall;;Kelso;98626;834AE73A-01A9-4850-9F8C-6DB5D1344AAD;01-07-2007
889;Eastridge Mall;;Casper;82601;6D5C5880-2C83-4DF1-B8CE-46CFE9A9FFAC;01-07-2005
890;Holiday Village Mall;;Great Falls;59401;5FE7C888-BB21-421E-9B8B-38DA8DA10085;01-11-2005
891;2526a Tri-Lake Blvd Ne;;Kirkland;98033;EC34E865-D130-403F-A437-D92D7EF02F05;01-12-2005
892;Frontier Mall;;Cheyenne;82001;CB0A8223-FD82-4D26-B7C7-0C120E4EAFC5;01-08-2005
893;White Mountain Mall;;Rock Springs;82901;9308A21D-AAE2-42E2-889D-2CD802072D36;01-07-2007
894;3390 South 23rd St.;;Tacoma;98403;E7979FA4-253C-41FD-B74F-2FEEC966A6B5;01-01-2006
895;3250 South Meridian;;Puyallup;98371;3B2E6107-040B-4F60-8901-A950BF0562D4;01-07-2005
896;2255 254th Avenue Se;;Albany;97321;77D18072-B99B-4B1E-A9B9-948FA927EFBB;01-09-2007
897;705 SE Mall Parkway;;Everett;98201;77A34652-5D9B-40B6-A15A-56D7EE4056F4;01-08-2006
898;700 Se Sunnyside Road;;Clackamas;97015;D88449DB-7116-427B-BFAF-CAE7C08DE084;01-09-2007
899;North 93270 Newport Highway;;Spokane;99202;8AE1C168-958E-41DA-92D8-7A3A0765F744;01-08-2007
900;25708 Dell Range Blvd.;;Cheyenne;82001;9B10FE3A-A1FB-497E-8BC2-E84E8C2A77DA;01-07-2005
901;No. 60 Bellis Fair Parkway;;Bellingham;98225;8135B5DC-F7E9-401C-992C-93A058ADA079;01-09-2007
902;950 Gateway Street;;Springfield;97477;E8BEECAF-8668-4D53-97E8-405BC6978DEF;01-09-2006
903;250775 SW Hillsdale Hwy;;Beaverton;97005;AC8F33F8-4DC4-467D-B459-788D84749C5D;01-08-2006
904;9905 Three Rivers Drive;;Kelso;98626;01A85112-6EE1-4F2C-9212-1C2ABC612E67;01-07-2006
905;225 South 314th Street;;Federal Way;98003;D305D73C-D595-4961-B870-0DCECB7C6EA9;01-11-2006
906;7009 Sw Hall Blvd.;;Tigard;97223;B8EFDBFA-3BA9-45D8-9C09-646DD0C8AF93;01-09-2006
907;99295 S.e. Tualatin Valley_hwy.;;Hillsboro;97123;A0E88130-6262-4484-815E-E5C485BF3EAC;01-08-2007
988;482505 Warm Springs Blvd.;;Fremont;94536;CD6D22B0-D941-4928-B6F7-1508021E6539;01-09-2006
989;39933 Mission Oaks Blvd;;Camarillo;93010;8B1241CA-1DB6-4F9D-861E-1D6CC3796443;01-09-2007
990;5420 West 22500 South;;Salt Lake City;84101;7612C47A-E24A-4BD8-9B8B-3AED15AF64F9;01-07-2006
991;60025 Bollinger Canyon Road;;San Ramon;94583;962A4D00-C5AA-41CC-B7BC-2AFBE2FA65B8;01-09-2006
992;9992 Whipple Rd;;Union City;94587;88258A1B-B50F-440F-93B9-5D7AF831D5FC;01-09-2006
993;Corporate Office;;El Segundo;90245;6CCCC74F-6389-4D08-8ED1-9079B42CF7AE;01-09-2006
994;25001 Montague Expressway;;Milpitas;95035;89901B2A-FDA8-4926-B22C-DD5D583681A6;01-07-2006
995;4460 Newport Center Drive;;Newport Beach;92625;D6B9E9E9-F288-4590-BE12-8DDBB5E53BC2;01-07-2006
996;2575 West 2700 South;;Salt Lake City;84101;708FC1DD-4994-4AA5-80A5-8C977C37AA15;01-08-2006
997;70259 West Sunnyview Ave;;Visalia;93291;7C2E0511-DE61-4761-80EA-6A7B2F39E524;01-09-2007
998;60750 San Clemente;;Hayward;94541;822DC2BE-AAC2-4283-93A6-5027CFB6A7DF;01-09-2007
999;Receiving;;Fullerton;92831;93D3C32F-CC26-4F27-B91F-35A804554976;01-09-2006
1000;22555 Paseo De Las Americas;;San Diego;92102;982BDCC2-6429-4725-A6DF-4FAF032EC908;01-08-2006
1001;Incom Sports Center;;Ontario;91764;079E5DE8-169F-4EB6-BE75-813B40A0143E;01-08-2005
1002;C/O Starpak, Inc.;;Greeley;80631;512BD07C-7ED7-421B-923F-D41999BD5BD7;01-08-2006
1003;5967 W Las Positas Blvd;;Pleasanton;94566;6B26292F-1EBE-41CE-9A3E-FF42D3C10A44;01-07-2007
1004;25600 E St Andrews Pl;;Santa Ana;92701;489390E0-48C0-4BB4-A5DC-38C4B39EA833;01-09-2005
1005;6756 Mowry;;Newark;94560;CFB5ED2A-43FE-4102-8413-73C74DACC79E;01-08-2006
1006;25472 Marlay Ave;;Fontana;92335;90C5F983-B302-4F6C-9D8A-BFB9E1BFF406;01-09-2007
1007;77 Beale Street;Room 99767c;San Francisco;94109;5122F535-C03E-4244-90C8-5D360C0C4CC4;01-09-2005
1008;910 Main Street.;;Sparks;89431;F12C6F58-6095-47D4-9FA0-21A639B90DB9;01-08-2006
1009;2500 N Serene Blvd;19th Floor;El Segundo;90245;7619E3BD-780B-45B1-A477-8FC3E0948352;01-08-2007
1010;5650 West 88th Ave.;;Westminster;80030;BD7FA7A0-4CBE-442A-A5E5-E5E2B79214EC;01-08-2007
1011;9700 Sisk Road;;Modesto;95354;FB563347-C157-43B3-A7E4-A851495DF874;01-09-2006
1012;789 West Alameda;;Westminster;80030;73BF97F3-E4E3-402D-8609-7839AEBAA947;01-09-2006
1013;54254 Pacific Ave.;;Stockton;95202;7B82A39F-D175-4543-8F6F-AE6FE9C34A99;01-08-2006
1014;25136 Jefferson Blvd.;;Culver City;90232;05196D3F-F726-4AB9-A66B-AF87500846AD;01-09-2006
1015;99000 S. Avalon Blvd. Suite 750;;Carson;90746;206163D9-0324-476D-909E-607FE07B2A2A;01-08-2005
1016;72502 Eastern Ave.;;Bell Gardens;90201;06431D74-4CAF-442C-870E-EFC20F9D45B8;01-09-2006
1017;2560 E. Newlands Dr;;Fernley;89408;5D07C55B-9E6A-49DE-8F49-04F28AD2F36A;01-09-2005
1018;630 N. Capitol Ave.;;San Jose;95112;ACEB7A03-C8E6-43F6-94F2-266E571BD413;01-07-2007
1019;4660 Rodeo Road;;Santa Fe;87501;4FE824C1-F1BC-48B6-A4FD-6B866D0D07C8;01-09-2007
1020;251340 E. South St.;;Cerritos;90703;BA72737A-0827-46A8-AF5B-971FD8464A87;01-09-2005
1021;440 West Huntington Dr.;;Monrovia;91016;2AE4D8C2-6D11-4945-A032-430DC8CE5B1B;01-07-2005
1022;99235 Hawthorne Blvd.;;Torrance;90505;52724CD9-1DC9-4D28-9B89-C404692C0B73;01-07-2005
1023;870 N. 54th Ave.;;Chandler;85225;26D3A3EC-3D51-493E-A541-A0CC80B54F35;01-07-2007
1024;9952 E. Lohman Ave.;;Las Cruces;88001;42AF4B56-ECE2-4595-929D-FB60DB1392D9;01-07-2005
1025;2530 South Colorado Blvd.;;Denver;80203;012EF479-5DAD-4009-B456-24E47CA1F472;01-09-2005
1026;955 E. County Line Rd.;;Englewood;80110;17A96F13-8658-4F02-A557-2BC4463ADE21;01-09-2007
1027;409 Santa Monica Blvd.;;Santa Monica;90401;58D58E3E-BF3E-4E0C-8F96-1717821E3516;01-09-2006
1028;Mall Of Orange;;Orange;92867;8D9B75CC-90C4-4E15-B69C-891126386BA6;01-08-2005
1029;Topanga Plaza;;Canoga Park;91303;0B945127-9C6F-47A1-80E4-2FB0E057FA55;01-07-2007
1030;Escondido;;Escondido;92025;E5B6618D-A92B-4DA1-BA99-316BABFFF7DB;01-08-2006
1031;Natomas Marketplace;;Sacramento;95814;27AF5ED8-D33A-4FB2-9C55-D5CDD5017CD4;01-08-2006
1032;Simi @ The Plaza;;Simi Valley;93065;8E4A379F-F6D6-4995-AA19-6DB50325D0FE;01-08-2005
1033;Lakewood Mall;;Lakewood;90712;D28C7FEF-9EA3-458F-A2B9-11964C3CC60B;01-07-2007
1034;Oxnard Outlet;;Oxnard;93030;300D2A6E-67B4-417B-83A9-2026818A21C6;01-09-2007
1035;Vista Marketplace;;Alhambra;91801;7795FCDF-76C3-4627-86B2-0291398868DE;01-09-2006
1036;Sports Store At Park City;;Park City;84098;A04EC332-1120-4AC3-837E-97EFC40636B2;01-09-2005
1037;North County Square;;Vista;92084;5A794553-877E-4977-8E76-DE38AA064EBD;01-09-2005
1038;123 Camelia Avenue;;Oxnard;93030;A86C8140-AD7D-4CAA-9B40-4006BD9998E2;01-09-2007
1039;Mountain Square;;Upland;91786;8F1BDC33-0BFB-41D0-BB85-71AAFE6126E7;01-09-2006
1040;Fox Hills;;Culver City;90232;5042B0A9-D10A-4F99-9F6F-50F96DEFA226;01-08-2005
1041;Parkway Plaza;;El Cajon;92020;C0FDC154-D2B5-480D-A5DA-4E0D6B5D750C;01-11-2005
1042;Stonewood Mall;;Downey;90241;D1D79211-AEC3-424D-A279-AF1D01DA3EC2;01-08-2005
1043;Hanford Mall;;Hanford;93230;F4F57D92-1839-49F4-A491-63F43215AAF1;01-12-2005
1044;Ontario Mills;;Ontario;91764;C66B86D8-BDFC-4161-9CBF-9A46D5F57B91;01-07-2007
1045;Nut Tree Factory;;Vacaville;95688;EB58EEBB-3F55-45D1-9702-EDDACCD687E2;01-08-2005
1046;Rocky Mountain Pines Outlet;;Loveland;80537;518E7219-193F-4D72-90C9-E82F201AFBE4;01-08-2005
1047;Stevens Creek Shopping Center;;San Jose;95112;0E6F74F0-9128-4688-9007-6395D6C6F4C4;01-09-2006
1048;Factory Merchants;;Barstow;92311;470574F9-6A06-43DC-A4B9-DE3C8D88B0E6;01-09-2005
1049;The Citadel Commerce Plaza;;City Of Commerce;90040;42CD575B-22A1-42E0-93BB-D8EE998E4FB7;01-09-2005
1050;University Town Center;;San Diego;92102;6D9EBB03-5C5A-4A20-8910-12D894591727;01-09-2005
1051;Pavillion @ Redlands;;Redlands;92373;B2F0F099-DDD2-4AB6-90AF-972D72186937;01-10-2005
1052;San Diego Factory;;San Ysidro;92173;8C3CFF8C-3A5D-419A-8DD8-3349C29AA3FD;01-08-2005
1053;Pacific West Outlet;;Gilroy;95020;DE6463D5-42D9-4D34-AC99-4AAA19FAB3CA;01-08-2005
1054;Belz Factory Outlet;;Las Vegas;89106;0E75E01F-76D4-4420-BEB7-0033F16DEA62;01-08-2005
1055;Camarillo Athletic Stores;;Camarillo;93010;30E691F7-1D06-4DF7-AEDF-627AD911A770;01-08-2005
1056;Lake Elisnor Place;;Lake Elsinore;92530;596345C5-0BE2-444D-BA93-D109713BC0B6;01-08-2005
1057;Norwalk Square;;Norwalk;90650;CCCE93BE-AB0B-4211-8407-5BE45034534C;01-09-2005
1058;Riverside;;Sherman Oaks;91403;A26100F0-511F-45A2-879A-FF365794FCF5;01-09-2007
1059;The Quad @ WestView;;Whittier;90605;2215F750-1863-4AFF-926D-DE309C298DE9;01-07-2007
1060;Arcadia Crossing;;Phoenix;85004;CC91297C-567B-4186-96C8-2BA6F0875E73;01-07-2006
1061;Eastern Beltway Center;;Las Vegas;89106;84603598-F6D4-4E26-9B9E-6A468365D4D8;01-12-2005
1062;Factory Stores/tucson;;Tucson;85701;C15ECA9A-6054-40E4-8D09-D4341AABCE2D;01-09-2005
1063;Viejas Outlet Center;;Alpine;91901;4F8EC2C2-71D6-4B7F-BCC7-808E17696373;01-09-2007
1064;West Park Plaza;;Irvine;92614;365914CE-CBB2-429B-A2D8-24638FCF17FC;01-01-2006
1065;Factory Stores Of America;;Mesa;85201;1B96D3A3-ED06-482F-A813-7136E5AAA57D;01-09-2006
1066;Prime Outlets;;Phoenix;85004;BD687691-297F-4B72-9465-C8DBD0F8E2EE;01-09-2005
1067;Bayshore Mall;;Eureka;95501;001D1A67-585C-44B2-AAC6-1199AFD7425F;01-09-2006
1068;7709 West Virginia Avenue;;Phoenix;85004;B8184C93-A8DE-4321-B381-1BABC7088D60;01-07-2006
1069;6900 Sisk Road;;Modesto;95354;60110399-EDF3-4C06-AC87-1D9856E9D2E3;01-07-2005
1070;3250 Baldwin Park Blvd;;Baldwin Park;91706;957EC59C-7A7D-438E-9014-20FBEB807E99;01-08-2005
1071;5867 Sunrise Boulevard;;Citrus Heights;95610;A64FC10B-61F7-4102-B076-E9CB77E9EC8F;01-11-2006
1072;6500 East Grant Road;;Tucson;85701;B9265D45-3FED-4B7D-AEEA-00D0E54B3CC7;01-09-2007
1073;3065 Santa Margarita Parkway;;Trabuco Canyon;92679;C5C0801F-F124-4A5E-B8BA-0ACE3BF0F993;01-07-2005
1074;9920 Bridgepointe Parkway;;San Mateo;94404;C346981B-2093-474A-9BC0-54CE2E0E4A94;01-07-2005
1075;5525 South Hover Road;;Longmont;80501;E5FA71B3-685A-4D11-BC0C-E4AA69CD4DED;01-07-2006
1076;8525 South Parker Road;;Parker;80138;D4F4AB28-5F27-4F89-A0D6-5FCEA394BB47;01-08-2005
1077;7505 Laguna Boulevard;;Elk Grove;95624;B6213E39-9DA3-4423-8756-0B195ED95FB4;01-11-2005
1078;9909 W. Ventura Boulevard;;Camarillo;93010;0A911F46-295E-4485-A9D8-90DFCC0C9223;01-08-2006
1079;25150 El Camino Real;;San Bruno;94066;9F1BC24E-66F2-41E2-94A2-D1001C050BB4;01-09-2005
1080;2575 Rocky Mountain Ave.;;Loveland;80537;BCC0867E-CB4E-4852-994E-03ABED8C95AB;01-08-2006
1081;25871 North Main Street;;Walnut Creek;94596;A00218D5-482D-44C2-8CD0-6F65AF8642D3;01-08-2006
1082;2551 East Warner Road;;Gilbert;85233;D88AFBDA-B59B-496E-BA6D-B3B2356574FF;01-08-2007
1083;22589 West Craig Road;;North Las Vegas;89030;A4C2EFE6-17E5-4DD5-9BED-6743405627E7;01-05-2007
1084;25751 University Drive;;Vista;92084;BD3035F6-4018-4E4C-8D70-6DD3F4FE8EB4;01-05-2007
1085;49925 Crestview Drive N.E.;;Rio Rancho;87124;3A1F16CF-6889-40B2-B067-7D044A8C7D42;01-09-2005
1086;57251 Serene Blvd;;Van Nuys;91411;7DF3A412-F2B3-4ABB-88E1-21D4677F1311;01-09-2007
1087;253731 West Bell Road;;Surprise;85374;4BA77E6A-4A47-4BFE-8AEB-DBFEA179795D;01-08-2006
1088;99040 California Avenue;;Sand City;93955;A18799A1-342A-4B6C-A63C-8E4E2C07F734;01-07-2007
1089;25620 Firestone Boulevard;;Norwalk;90650;31A07731-18FF-4100-8319-B4704F414497;01-07-2007
1090;25130 South State Street;;Sandy;84070;CF3AE92A-3E66-4AF0-B683-731826E89CD1;01-09-2007
1091;5500 Grossmont Center Drive;;La Mesa;91941;24F1DBC4-7FDC-4EDB-B3CB-640F9FB72534;01-09-2005
1092;99700 Bell Road;;Auburn;95603;79CDD89C-3C91-48DB-8277-46D04AAD7251;01-09-2006
1093;7750 E Marching Rd;;Scottsdale;85257;F181458A-B5A3-4944-B7B1-73DCAD67C14E;01-08-2007
1094;25250 N 90th St;;Scottsdale;85257;3E024D96-B7D3-4622-AB9B-0724B91B7832;01-09-2005
1095;9980 S Alma School Road;;Chandler;85225;B09B3F8E-89F2-4528-9578-53CBCF805B4A;01-02-2007
1096;6753 Howard Hughes Parkway;;Las Vegas;89106;30C83112-A09F-4E26-9AD7-4FD6C10FEC4E;01-10-2006
1097;Corp Ofc Accts Payable;;El Segundo;90245;5F6D242F-DDA3-462C-BEC1-097C63913176;01-09-2005
1098;Po Box 252525;;Santa Ana;92701;7D2BD572-F8AB-435A-A47B-3A534D7D9CDC;01-09-2006
1099;62500 Neil Road;;Reno;89502;BE51F10F-1A66-46E6-8154-9FE01597769C;01-08-2005
1100;4635 S. Harrison Blvd.;;Ogden;84401;BE4DFEEF-CB1C-4AF8-B517-3214C7C1F311;01-09-2007
1101;825 W 500 S;;Bountiful;84010;2E6D7491-E0A8-4C79-98CE-BAC61A07FB25;01-10-2006
1102;603 Gellert Blvd;;Daly City;94015;A8DCAD62-8678-458C-87EB-E2C2E550FF80;01-12-2005
1103;2564 S. Redwood Rd.;;Riverton;84065;E299E96D-63CB-4ACC-9BFD-5F0C23AE5820;01-11-2005
1104;9927 N. Main St.;;Tooele;84074;CE0FA600-8761-402C-A6C0-84FB6244984B;01-08-2005
1105;566 S. Main;;Cedar City;84720;C16F92AB-817F-42D1-A560-BC0F86FE2783;01-07-2006
11380;165 North Main;;Austin;78701;412E3088-1FB8-4A1F-B3A8-ABB23A4F01C1;01-07-2006
11381;2000 300th Street;;Denver;80203;A9DBB460-A624-4E6A-AA22-311EE18F6746;01-09-2005
11382;99 Front Street;;Minneapolis;55402;878660A8-A9FE-4EF8-8D2D-53C614C6F042;01-08-2005
